online,3484.4199999999983
import,47.87
chennai,604.0400000000001
fre,29.99
australia,25.83
map,0.19
colleges,95.60000000000001
intelipatt,67.12
eligibility,93.67
kubernetes,91.92999999999999
en,135.04999999999998
du,29.78
pipeline,34.72
thane,29.84
academy,147.18
seema,21.32
subject,34.97
day,47.87
used,19.97
graduate,24.96
session,30.49
groups,19.4
delhi,358.72
syllabus,112.43
introduction,84.75999999999999
basics,65.24
curso,277.53000000000003
scale,37.23
classes,373.69000000000005
discount,16.68
microsoft,148.73
management,77.22999999999999
statistical,40.0
contentsbto,24.66
beginner,29.26
2020,145.46
nit,26.43
stock,0.12
v's,24.51
javatpoint,29.4
azure,24.9
college,68.73
overview,88.68
101,57.44
cursos,58.989999999999995
quiz,61.92999999999999
university,127.91
conitive,69.8
understanding,19.34
vanity,12.22
helping,15.16
could,34.56
upgrad,24.57
yraining,28.64
unccelearn,28.96
field,30.0
developer,137.66
peer,33.05
outils,29.78
hiw,34.84
coursedata,34.96
algorithm,16.44
rourkela,26.43
name,28.9
finance,24.9
vancouver,34.46
binus,9.87
alam,9.87
starting,30.49
киевстар,29.77
pdg,12.49
congitive,29.36
who,29.7
bigdataphysicsclasses,63.29
assignment,33.05
bombay,24.55
presto,24.95
definitive,34.02
not,53.08
gratis,240.72000000000003
cipet,29.04
3,73.53
programs,97.96
mca,23.89
cv,22.19
show,19.8
code,49.55
les,74.56
com,251.33
backgroud,28.57
intellipat,54.97
partner,24.45
ata,24.38
edulab,29.73
month,29.04
by,232.32
freshers,24.76
medicine,29.86
access,59.94
using,77.32000000000001
placement,413.51
new,25.91
you,47.87
interact,47.87
power,59.14
cheat,24.98
based,29.78
ina,20.64
helper,25.76
portion,47.87
kharadi,22.71
patna,34.2
cca,62.61
dados,29.99
scientost,23.61
amity,22.35
iit,308.72999999999996
generate,47.87
technique,0.19
choice,24.63
community,18.84
sla,29.78
msc,98.74
material,24.87
there,34.010000000000005
taming,29.2
5www,30.49
étude,29.03
required,59.26
research,29.78
Fusion,25.89
can,47.08
expert,33.8
duration,25.91
scipy,29.83
report,23.86
trainer,69.82
*,20.0
concepts,18.72
education,23.9
face,29.01
coding,29.76
unacademy,55.79
lucknow,34.6
intellepat,24.98
their,28.8
engg,29.98
for,967.0500000000001
technology,114.56
qlikview,29.96
title,34.67
programme,59.48
pgdm,34.95
interview,34.45
theme,12.22
table,24.43
india,471.83000000000004
1ywar,24.7
trainin,67.12
massalbaye,28.96
m,21.9
under,34.09
system,37.23
intro,34.04
udemy,115.14
preparation,35.0
per,28.93
below,22.4
lecture,24.21
action,24.85
mapr,23.25
guide,53.14
top,220.06
gcp,22.96
sheet,24.98
mitx,24.72
inceptez,77.3
jigsaw,104.06
2.4,20.0
sujets,19.84
cdac,25.58
example,46.97
vidya,20.65
sum,19.98
program,245.53
zealand,25.91
ke,50.47
costing,33.76
avaliação,58.74
one,28.9
in,5774.839999999997
institution,34.92
terminal,49.55
jogja,10.0
karachi,24.96
kafka,26.24
badge,12.22
login,55.68
bangkok,34.95
cloudxlab,707.52
ecosystems,24.66
dataflair,643.9
yellanki,24.39
gratuite,29.79
attempt,29.37
quora,24.84
study,188.29
gemology,10.37
uk,64.99000000000001
centres,35.12
teachers,28.87
5,147.97
topics,25.0
with,728.3000000000001
ignite,29.94
classroom,21.44
human,29.01
task,28.15
charging,34.94
100,29.77
secondes,0.85
machine,29.84
learnbay,29.81
tamilnadu,29.59
attending,24.54
khati,29.95
prwatech,48.82
lab,135.57999999999998
content,172.45
excel,0.01
minimum,34.33
n,30.49
_,40.64
be,23.91
chahie,29.17
ayllabus,24.38
intership,25.58
intellipaat,2081.2200000000003
pada,20.0
universities,94.32000000000001
rahul,29.95
fee,226.39000000000001
database,85.1
numpy,29.83
days,54.78
banking,24.9
relational,47.87
scienctist,16.41
course,4191.59
great,65.0
feedback,24.54
light,32.02
sur,0.31
cloudx,52.34
solutions,24.61
datafalir,29.78
greatlearing,34.84
kursus,49.87
dollars,24.84
starter,24.67
today,24.85
your,47.87
1st,21.32
scatter,0.01
volume,49.54
types,90.53999999999999
paper,58.17
formation,53.239999999999995
adminstartor,20.87
answer,22.35
may,26.24
software,129.96
acadglid,34.06
docker,64.94
cheap,39.63
hdpcd,20.6
europe,34.59
greatlearning,24.05
orienté,19.84
data101,32.29
eureka,27.04
kya,29.17
qualification,18.38
3000,34.09
bootcamp,24.69
teste,29.37
visualizing,22.12
rdd,19.98
kundalahalli,24.43
motivation,16.78
master,241.55
job,71.77000000000001
hacking,24.66
me,150.60999999999999
project,66.01
school,94.49000000000001
infosys,21.32
wiley,21.32
learning,384.4
bihar,46.64
laptop,21.3
marketing,91.00999999999999
comprendre,0.85
storahe,59.78
rcm,34.94
beginners,159.15
haarop,18.38
updates,23.63
nural,34.22
network,34.22
jnu,24.31
eğitimi,39.09
1000,24.84
genomics,41.52
bigdaa,34.82
cca175,29.75
sumit,0.58
when,54.54
life,28.99
go,48.94
after,32.89
velachery,34.82
e,44.9
analytcs,20.0
ragnarok,49.92
pour,0.85
analytixlabs,27.32
sc,29.3
pgp,57.08
bharathiar,34.58
co,34.57
roorkee,83.41999999999999
datos,22.79
cousera,29.84
hortonworks,24.65
lake,49.41
diagnosis,0.17
prerequisite,15.0
denotes,20.64
indore,16.41
is,394.02
tutorial,1383.3700000000001
tranning,34.02
de,245.31
gs,30.49
ameerpet,184.94000000000003
on,573.41
kolhapur,24.54
classpath,34.99
publication,21.32
im,30.49
literature,29.78
60,0.85
hydrabad,25.58
distant,29.86
ipc,59.2
bangalore,1039.27
masters,163.98999999999998
end,68.54
crunching,33.27
noida,29.01
databricks,49.31
amado,29.78
sql,120.16
technogeeks,29.67
testers,19.18
edition,21.32
ciencia,22.79
suter,9.87
hyderabad,1118.16
credentials,29.25
institute,531.2099999999999
canada,59.78
db,27.83
polytechnic,22.69
use,59.980000000000004
entrycomputer,18.85
cost,182.9
mining,78.66
scala,250.73
coarse,29.58
red,34.68
kr,27.92
strategy,34.85
real,62.47
site,29.84
cloud,130.36
scientist,192.68
following,49.36
any,15.16
steps,28.26
pro,64.72
garden,18.85
p,59.56
live,54.59
faculty,25.4
dataset,19.79
websie,24.99
comment,61.25
app,53.97
simplilearn,252.45
datatutorial,34.61
science,228.32999999999998
mentors,49.16
data,16394.640000000003
bid,24.7
apache,422.94000000000005
it,76.28
email,31.77
kit,24.67
เปิด,38.1
supporting,24.39
kolkata,91.74000000000001
analysis,487.80000000000007
section,34.94
minutes,19.46
ivyproschool,32.35
offer,24.75
full,157.97
intelipat,24.25
necessary,23.99
willing,28.57
données,34.84
latest,47.62
ar,2.16
year,23.38
npntraining,31.4
module,26.73
soft,24.96
v1,12.22
cas,29.03
books,56.28
media,20.0
español,29.24
linkedin,25.58
student,22.19
weeks,26.24
класс,39.43
remoteexception,29.6
puram,27.92
reduce,0.19
queries,45.730000000000004
players,24.87
private,21.32
sri,67.65
ofhadoop,20.87
spark,1078.72
startups,29.42
cognative,34.59
mongo,27.83
foundation,81.73
courses,2565.7799999999993
centre,90.47999999999999
just,22.4
summmer,20.0
leanr,17.9
sciens,25.0
acadgild,153.39000000000001
cource,24.71
catalog,29.35
the,395.62999999999994
axtria,29.99
similar,23.99
github,19.16
architect,210.7
third,30.49
máster,29.78
digital,50.11
lakes,49.47
want,24.21
scholarship,40.0
date,20.65
ca,34.96
lms,34.69
modeling,29.78
ib1qa2ealednjpp,28.96
horizontal,36.61
mumbai,8.88
hue,19.21
april,52.48
c++,23.34
congnitive,23.58
placements,29.77
aol,58.74
thiruvanthapuram,59.64
mba,74.84
computing,132.16
profile,12.22
qualifications,34.33
bits,81.82
selection,78.94
tirupati,22.74
from,180.45
select,33.65
graded,33.05
bangladesh,44.96
qjavq5catum,30.49
iguru,58.19
geoinsyssoft,28.96
week,44.68
cluster,101.47999999999999
anlyst,34.21
тема,15.0
birla,29.83
excelr,24.92
students,47.050000000000004
installer,0.31
scoop,0.29
fundamentals,93.35
analytics,1458.5100000000004
certification,967.4400000000002
degree,26.83
banks,23.91
tutorials,28.02
provision,24.67
dat,23.22
medium,12.22
kelly,51.980000000000004
what,93.58
type,12.22
questions,69.24000000000001
btm,41.61
places,49.02
pelatihan,15.0
list,41.63
details,124.53999999999999
paid,34.09
i,74.68
guarantee,57.540000000000006
affiliations,30.0
ฟรี,38.1
artificial,28.15
cloudera,258.06
zimbabwe,20.0
cours,114.36000000000001
menu,29.37
questionário,58.74
intelligence,28.15
analyst,340.40999999999997
cochig,10.0
workshop,24.54
and,985.7999999999998
hindi,57.15
benefits,31.78
class,221.82999999999998
do,98.66
hands,23.3
skills,24.67
analist,27.49
driver,23.91
org,58.56
kinds,20.64
coursera,293.25
every,47.87
sqoop,24.36
uppal,28.36
edupristine,30.0
false,24.39
important,26.83
need,47.87
setup,42.72
ourse,78.94
acknowledge,22.83
training,4099.369999999998
centers,24.74
moro,29.78
specialization,64.09
where,56.49
engineer,457.09
firms,22.83
calculator,24.83
ที่ไหน,38.1
part,24.51
location,29.98
case,34.98
architecture,49.04
applications,19.89
rajouri,18.85
cientista,29.99
sessions,24.6
of,871.4200000000001
jaipur,52.48
technologies,69.05000000000001
vtu,24.95
store,17.38
confirm,28.96
fees,382.5
1,122.72000000000001
review,191.82
tutor,31.88
jobs,48.27
very,17.38
div,12.22
locale,12.22
fr_fr,12.22
blog,28.16
experience,38.74
search,29.98
20,60.56
chellappan,21.32
prerequisites,24.83
question,23.38
intoduction,34.04
several,20.64
help,34.61
solution,69.77
marathahalli,18.77
utilized,24.85
linux,26.99
coaching,238.98000000000002
sample,53.1
lower,19.19
rands,28.8
lanka,67.65
basses,15.0
classification,24.69
assignments,23.0
trivandrum,29.83
bi,29.42
world,83.00999999999999
latino,29.01
computer,23.88
files,47.87
li,12.22
genomic,78.94
hardoop,49.56
omr,29.98
scratch,77.11000000000001
an,101.28999999999999
speech,19.46
pg,190.9
mapreduce,34.99
construction,30.0
banglore,25.21
udacity,69.73
bigdata,694.4800000000001
professional,93.71000000000001
hat,34.68
nmims,29.84
concept,0.05
10,64.94999999999999
anyaless,24.54
development,24.71
time,83.36
projects,116.88999999999999
broadway,31.25
rita,29.78
regular,34.84
english,19.46
labs,34.95
funding,15.0
step,38.24
ivy,64.72
dlehi,34.93
certificacion,30.0
that,20.64
drivers,28.9
engineering,318.22
b,64.25
zaloni,29.45
analyse,19.84
dataframe,19.64
nlp,28.15
bharti,28.93
cognativeclasses,29.12
acharya,21.32
limited,42.64
best,1047.7
vourse,29.78
providers,52.89
techetraining,27.86
changes,20.64
would,34.61
diploma,147.76000000000002
largest,24.87
amounts,17.38
costs,23.09
short,43.8
topic,49.24
web,23.89
conduct,21.9
career,107.28999999999999
4,51.239999999999995
et,29.84
trining,24.95
inspecs,34.82
analytical,24.9
nsdc,24.9
java,122.52000000000001
hdfs,47.87
draw,23.57
contents,24.06
good,83.86
value,22.73
coimbatore,49.02
all,30.49
quesy,24.63
bigdatauniversity,24.48
continuous,23.91
application,34.99
text,49.120000000000005
emcdsa,24.85
certified,128.48000000000002
a,254.42000000000002
most,34.92
aws,58.519999999999996
madhapur,24.74
12,48.059999999999995
tools,74.88
cortez,29.78
trainers,31.46
total,12.21
available,33.53
cse,22.19
flair,154.13
as,47.87
impala,24.17
le,0.85
center,62.45
structure,46.870000000000005
kphb,34.58
am,28.57
trainjng,22.96
post,24.96
base,29.78
near,158.2
certificate,120.71
php,28.96
learn,530.3800000000001
13,26.24
subhashini,21.32
disease,0.17
scd,24.82
mit,29.5
21,26.24
about,49.32
blogs,29.83
pune,284.71
reviews,258.32
stack,24.77
information,49.32
advance,29.26
liye,50.47
175,62.61
keyskills,20.87
intellepaat,21.33
has,22.73
django,28.21
bigdatacoursespro,29.28
hadoop,4818.339999999999
learnathone,20.65
opportunities,35.93
tamil,44.76
layout,41.61
large,94.41
line,159.58
за,15.0
institutes,437.13999999999993
image,58.47
open,29.5
subjects,24.68
comp,29.3
sharif,46.64
mind,29.82
cassandra,19.81
analytic,23.57
edureka,351.44
processing,29.83
สอน,38.1
rg,29.6
ibm,111.97999999999999
itversity,26.22
trending,21.78
physics,15.12
weekend,17.03
scalability,24.39
or,24.39
pay,32.89
true,24.39
to,848.33
penerapan,20.0
term,15.0
python,287.03
last,44.03
2,102.28999999999999
behind,16.78
distance,58.85
edvancer,34.35
international,70.2
oder,9.18
radicaltechnologies,34.57
trends,29.78
complete,85.13999999999999
size,12.22
pass,42.76
exemple,29.03
multiple,24.63
www,125.23
we,24.92
standbyexception,29.6
offering,41.52
assessment,57.519999999999996
collect,29.98
sathish,24.39
loading,20.0
storage,24.6
tech,29.3
mémoire,19.84
wbt,29.86
version,12.22
google,58.31
start,24.92
pilani,81.82
making,0.01
rapid,20.64
which,263.08000000000004
deta,49.54
paras,24.67
chart,0.01
s,29.78
gratuito,95.64
orovide,34.84
big,12889.28000000001
https,58.79
oracle,20.0
windows,0.31
claases,57.02
offered,29.98
hive,49.150000000000006
south,24.7
related,59.69
ligne,53.239999999999995
framework,23.57
acadamy,59.64
